{
	"credit": "Model created by Zorak Design - Contact me on discord for work: CesarZorak#0808",
	"parent": "block/block_pro",
	"elements": [
		{
			"name": "block",
			"from": [0, 0, 0],
			"to": [16, 16, 16],
			"rotation": {"angle": 0, "axis": "y", "origin": [8, 8, 8]},
			"faces": {
				"north": {"uv": [0, 0, 16, 16], "texture": "#0", "cullface": "north"},
				"east": {"uv": [0, 0, 16, 16], "texture": "#0", "cullface": "east"},
				"south": {"uv": [0, 0, 16, 16], "texture": "#0", "cullface": "south"},
				"west": {"uv": [0, 0, 16, 16], "texture": "#0", "cullface": "west"},
				"up": {"uv": [0, 0, 16, 16], "texture": "#1", "cullface": "up"},
				"down": {"uv": [0, 0, 16, 16], "texture": "#1", "cullface": "down"}
			}
		},
		{
			"name": "t_0",
			"from": [5, 15, 3],
			"to": [10, 20, 8],
			"rotation": {"angle": -22.5, "axis": "z", "origin": [8, 8, 8]},
			"faces": {
				"north": {"uv": [0, 6, 5, 11], "texture": "#2", "cullface": "up"},
				"east": {"uv": [0, 6, 5, 11], "texture": "#2", "cullface": "up"},
				"south": {"uv": [0, 6, 5, 11], "texture": "#2", "cullface": "up"},
				"west": {"uv": [5, 6, 0, 11], "texture": "#2", "cullface": "up"},
				"up": {"uv": [0, 0, 5, 5], "texture": "#2", "cullface": "up"}
			}
		},
		{
			"name": "t_1",
			"from": [6.85, 15.85, 9.85],
			"to": [11.15, 19.15, 14.15],
			"rotation": {"angle": 22.5, "axis": "y", "origin": [8, 8, 8]},
			"faces": {
				"north": {"uv": [10, 5, 6, 8], "texture": "#2", "cullface": "up"},
				"east": {"uv": [10, 5, 6, 8], "texture": "#2", "cullface": "up"},
				"south": {"uv": [6, 5, 10, 8], "texture": "#2", "cullface": "up"},
				"west": {"uv": [6, 5, 10, 8], "texture": "#2", "cullface": "up"},
				"up": {"uv": [6, 0, 10, 4], "rotation": 180, "texture": "#2", "cullface": "up"}
			}
		},
		{
			"name": "t_2",
			"from": [2, 13, 2],
			"to": [6, 19, 6],
			"rotation": {"angle": 45, "axis": "x", "origin": [8, 8, 8]},
			"faces": {
				"north": {"uv": [10, 9, 6, 15], "texture": "#2", "cullface": "up"},
				"east": {"uv": [10, 9, 6, 15], "texture": "#2", "cullface": "up"},
				"south": {"uv": [10, 9, 6, 15], "texture": "#2", "cullface": "up"},
				"west": {"uv": [6, 9, 10, 15], "texture": "#2", "cullface": "up"},
				"up": {"uv": [6, 0, 10, 4], "texture": "#2", "cullface": "up"}
			}
		},
		{
			"name": "t_3",
			"from": [4.85, 15.85, 1.85],
			"to": [8.15, 19.15, 5.15],
			"rotation": {"angle": 0, "axis": "y", "origin": [8, 8, 8]},
			"faces": {
				"north": {"uv": [14, 4, 11, 7], "texture": "#2", "cullface": "up"},
				"east": {"uv": [14, 4, 11, 7], "texture": "#2", "cullface": "up"},
				"south": {"uv": [11, 4, 14, 7], "texture": "#2", "cullface": "up"},
				"west": {"uv": [11, 4, 14, 7], "texture": "#2", "cullface": "up"},
				"up": {"uv": [11, 0, 14, 3], "rotation": 180, "texture": "#2", "cullface": "up"}
			}
		},
		{
			"name": "n_0",
			"from": [1.85, 6.85, -1.15],
			"to": [6.15, 13.15, 3.15],
			"rotation": {"angle": -22.5, "axis": "x", "origin": [8, 8, 8]},
			"faces": {
				"north": {"uv": [6, 9, 10, 15], "texture": "#2", "cullface": "north"},
				"east": {"uv": [6, 9, 10, 15], "texture": "#2", "cullface": "north"},
				"west": {"uv": [6, 9, 10, 15], "texture": "#2", "cullface": "north"},
				"up": {"uv": [6, 0, 10, 4], "texture": "#2", "cullface": "north"}
			}
		},
		{
			"name": "n_1",
			"from": [5, 9, -2],
			"to": [8, 14, 1],
			"rotation": {"angle": -45, "axis": "x", "origin": [8, 8, 8]},
			"faces": {
				"north": {"uv": [11, 8, 14, 13], "texture": "#2", "cullface": "north"},
				"east": {"uv": [11, 8, 14, 13], "texture": "#2", "cullface": "north"},
				"south": {"uv": [11, 8, 14, 13], "texture": "#2", "cullface": "north"},
				"west": {"uv": [14, 8, 11, 13], "texture": "#2", "cullface": "north"},
				"up": {"uv": [11, 0, 14, 3], "rotation": 180, "texture": "#2", "cullface": "north"}
			}
		},
		{
			"name": "n_2",
			"from": [8.85, 9.85, -2.15],
			"to": [12.15, 13.15, 0.15],
			"rotation": {"angle": -22.5, "axis": "z", "origin": [8, 8, 8]},
			"faces": {
				"north": {"uv": [11, 0, 14, 3], "rotation": 180, "texture": "#2", "cullface": "north"},
				"east": {"uv": [11, 4, 14, 6], "rotation": 90, "texture": "#2", "cullface": "north"},
				"west": {"uv": [11, 6, 14, 4], "rotation": 90, "texture": "#2", "cullface": "north"},
				"up": {"uv": [11, 4, 14, 6], "texture": "#2", "cullface": "north"},
				"down": {"uv": [11, 6, 14, 4], "texture": "#2", "cullface": "north"}
			}
		},
		{
			"name": "s_0",
			"from": [8, 12, 12],
			"to": [12, 18, 16],
			"rotation": {"angle": 45, "axis": "x", "origin": [8, 8, 8]},
			"faces": {
				"north": {"uv": [6, 9, 10, 15], "texture": "#2", "cullface": "south"},
				"east": {"uv": [6, 9, 10, 15], "texture": "#2", "cullface": "south"},
				"south": {"uv": [6, 9, 10, 15], "texture": "#2", "cullface": "south"},
				"west": {"uv": [10, 9, 6, 15], "texture": "#2", "cullface": "south"},
				"up": {"uv": [6, 4, 10, 0], "rotation": 270, "texture": "#2", "cullface": "south"}
			}
		},
		{
			"name": "s_1",
			"from": [11, 8, 14],
			"to": [14, 13, 17],
			"rotation": {"angle": 22.5, "axis": "x", "origin": [8, 8, 8]},
			"faces": {
				"east": {"uv": [11, 8, 14, 13], "texture": "#2", "cullface": "south"},
				"south": {"uv": [11, 8, 14, 13], "texture": "#2", "cullface": "south"},
				"west": {"uv": [11, 8, 14, 13], "texture": "#2", "cullface": "south"},
				"up": {"uv": [11, 0, 14, 3], "texture": "#2", "cullface": "south"}
			}
		},
		{
			"name": "s_2",
			"from": [6, 2, 16],
			"to": [9, 5, 18],
			"rotation": {"angle": -22.5, "axis": "z", "origin": [8, 8, 8]},
			"faces": {
				"east": {"uv": [11, 6, 14, 4], "rotation": 90, "texture": "#2", "cullface": "south"},
				"south": {"uv": [11, 0, 14, 3], "rotation": 180, "texture": "#2", "cullface": "south"},
				"west": {"uv": [11, 4, 14, 6], "rotation": 90, "texture": "#2", "cullface": "south"},
				"up": {"uv": [11, 6, 14, 4], "texture": "#2", "cullface": "south"},
				"down": {"uv": [11, 4, 14, 6], "texture": "#2", "cullface": "south"}
			}
		},
		{
			"name": "s_3",
			"from": [1.85, 6.85, 15.85],
			"to": [4.15, 9.15, 17.15],
			"rotation": {"angle": 0, "axis": "y", "origin": [8, 8, 8]},
			"faces": {
				"east": {"uv": [14, 4, 16, 3], "rotation": 90, "texture": "#2", "cullface": "south"},
				"south": {"uv": [14, 0, 16, 2], "rotation": 90, "texture": "#2", "cullface": "south"},
				"west": {"uv": [14, 3, 16, 4], "rotation": 90, "texture": "#2", "cullface": "south"},
				"up": {"uv": [14, 4, 16, 3], "texture": "#2", "cullface": "south"},
				"down": {"uv": [14, 3, 16, 4], "texture": "#2", "cullface": "south"}
			}
		},
		{
			"name": "e_0",
			"from": [12.85, 9.85, 4.85],
			"to": [17.15, 16.15, 9.15],
			"rotation": {"angle": -45, "axis": "z", "origin": [8, 8, 8]},
			"faces": {
				"north": {"uv": [6, 9, 10, 15], "texture": "#2", "cullface": "east"},
				"east": {"uv": [10, 9, 6, 15], "texture": "#2", "cullface": "east"},
				"south": {"uv": [10, 9, 6, 15], "texture": "#2", "cullface": "east"},
				"west": {"uv": [10, 9, 6, 15], "texture": "#2", "cullface": "east"},
				"up": {"uv": [6, 0, 10, 4], "rotation": 90, "texture": "#2", "cullface": "east"}
			}
		},
		{
			"name": "e_1",
			"from": [15.5, 6, 9],
			"to": [17.5, 11, 11],
			"rotation": {"angle": -22.5, "axis": "z", "origin": [8, 8, 8]},
			"faces": {
				"north": {"uv": [14, 3, 16, 8], "texture": "#2", "cullface": "east"},
				"east": {"uv": [14, 3, 16, 8], "texture": "#2", "cullface": "east"},
				"south": {"uv": [16, 3, 14, 8], "texture": "#2", "cullface": "east"},
				"up": {"uv": [14, 0, 16, 2], "rotation": 270, "texture": "#2", "cullface": "east"}
			}
		},
		{
			"name": "e_2",
			"from": [16, 11, 3],
			"to": [18, 14, 6],
			"rotation": {"angle": 0, "axis": "y", "origin": [8, 8, 8]},
			"faces": {
				"north": {"uv": [11, 6, 14, 4], "rotation": 90, "texture": "#2", "cullface": "east"},
				"east": {"uv": [14, 0, 11, 3], "rotation": 180, "texture": "#2", "cullface": "east"},
				"south": {"uv": [11, 4, 14, 6], "rotation": 90, "texture": "#2", "cullface": "east"},
				"up": {"uv": [11, 4, 14, 6], "rotation": 90, "texture": "#2", "cullface": "east"},
				"down": {"uv": [14, 4, 11, 6], "rotation": 90, "texture": "#2", "cullface": "east"}
			}
		},
		{
			"name": "e_3",
			"from": [15.85, 2.85, 11.85],
			"to": [17.15, 5.15, 14.15],
			"rotation": {"angle": -45, "axis": "x", "origin": [8, 8, 8]},
			"faces": {
				"north": {"uv": [14, 4, 16, 3], "rotation": 90, "texture": "#2", "cullface": "east"},
				"east": {"uv": [14, 0, 16, 2], "rotation": 90, "texture": "#2", "cullface": "east"},
				"south": {"uv": [14, 3, 16, 4], "rotation": 90, "texture": "#2", "cullface": "east"},
				"up": {"uv": [16, 3, 14, 4], "rotation": 90, "texture": "#2", "cullface": "east"},
				"down": {"uv": [14, 3, 16, 4], "rotation": 90, "texture": "#2", "cullface": "east"}
			}
		},
		{
			"name": "w_0",
			"from": [-0.5, 9, 3],
			"to": [3.5, 15, 7],
			"rotation": {"angle": 22.5, "axis": "z", "origin": [8, 8, 8]},
			"faces": {
				"north": {"uv": [10, 9, 6, 15], "texture": "#2", "cullface": "west"},
				"south": {"uv": [6, 9, 10, 15], "texture": "#2", "cullface": "west"},
				"west": {"uv": [6, 9, 10, 15], "texture": "#2", "cullface": "west"},
				"up": {"uv": [6, 0, 10, 4], "texture": "#2", "cullface": "west"}
			}
		},
		{
			"name": "w_1",
			"from": [-1, 10, 6],
			"to": [2, 15, 9],
			"rotation": {"angle": 45, "axis": "z", "origin": [8, 8, 8]},
			"faces": {
				"north": {"uv": [11, 8, 14, 13], "texture": "#2", "cullface": "west"},
				"east": {"uv": [11, 8, 14, 13], "texture": "#2", "cullface": "west"},
				"south": {"uv": [14, 8, 11, 13], "texture": "#2", "cullface": "west"},
				"west": {"uv": [11, 8, 14, 13], "texture": "#2", "cullface": "west"},
				"up": {"uv": [14, 3, 11, 0], "texture": "#2", "cullface": "west"}
			}
		},
		{
			"name": "w_2",
			"from": [-2.15, 10.85, 6.85],
			"to": [0.15, 14.15, 10.15],
			"rotation": {"angle": 45, "axis": "x", "origin": [8, 8, 8]},
			"faces": {
				"north": {"uv": [11, 4, 14, 6], "rotation": 90, "texture": "#2", "cullface": "west"},
				"south": {"uv": [11, 6, 14, 4], "rotation": 90, "texture": "#2", "cullface": "west"},
				"west": {"uv": [11, 0, 14, 3], "rotation": 180, "texture": "#2", "cullface": "west"},
				"up": {"uv": [11, 6, 14, 4], "rotation": 90, "texture": "#2", "cullface": "west"},
				"down": {"uv": [14, 6, 11, 4], "rotation": 90, "texture": "#2", "cullface": "west"}
			}
		},
		{
			"name": "d_0",
			"from": [6.85, -6.15, 3.85],
			"to": [12.15, 0.15, 9.15],
			"rotation": {"angle": -45, "axis": "y", "origin": [8, 8, 8]},
			"faces": {
				"north": {"uv": [5, 12, 0, 6], "texture": "#2", "cullface": "down"},
				"east": {"uv": [0, 12, 5, 6], "texture": "#2", "cullface": "down"},
				"south": {"uv": [0, 12, 5, 6], "texture": "#2", "cullface": "down"},
				"west": {"uv": [0, 12, 5, 6], "texture": "#2", "cullface": "down"},
				"down": {"uv": [0, 5, 5, 0], "rotation": 270, "texture": "#2", "cullface": "down"}
			}
		},
		{
			"name": "d_1",
			"from": [8.85, -4.15, 2.85],
			"to": [12.15, 0.15, 6.15],
			"rotation": {"angle": 0, "axis": "y", "origin": [8, 8, 8]},
			"faces": {
				"north": {"uv": [14, 12, 11, 8], "texture": "#2", "cullface": "down"},
				"east": {"uv": [11, 12, 14, 8], "texture": "#2", "cullface": "down"},
				"south": {"uv": [11, 12, 14, 8], "texture": "#2", "cullface": "down"},
				"west": {"uv": [14, 12, 11, 8], "texture": "#2", "cullface": "down"},
				"down": {"uv": [11, 0, 14, 3], "texture": "#2", "cullface": "down"}
			}
		},
		{
			"name": "d_2",
			"from": [3.85, -5.15, 3.85],
			"to": [6.15, 0.15, 6.15],
			"rotation": {"angle": 0, "axis": "y", "origin": [8, 8, 8]},
			"faces": {
				"north": {"uv": [16, 8, 14, 3], "texture": "#2", "cullface": "down"},
				"east": {"uv": [16, 8, 14, 3], "texture": "#2", "cullface": "down"},
				"south": {"uv": [14, 8, 16, 3], "texture": "#2", "cullface": "down"},
				"west": {"uv": [14, 8, 16, 3], "texture": "#2", "cullface": "down"},
				"down": {"uv": [14, 0, 16, 2], "texture": "#2", "cullface": "down"}
			}
		},
		{
			"name": "d_3",
			"from": [8.85, -3.15, 11.85],
			"to": [11.15, 0.15, 14.15],
			"rotation": {"angle": 22.5, "axis": "y", "origin": [8, 8, 8]},
			"faces": {
				"north": {"uv": [14, 6, 16, 3], "texture": "#2", "cullface": "down"},
				"east": {"uv": [14, 6, 16, 3], "texture": "#2", "cullface": "down"},
				"south": {"uv": [16, 6, 14, 3], "texture": "#2", "cullface": "down"},
				"west": {"uv": [16, 6, 14, 3], "texture": "#2", "cullface": "down"},
				"down": {"uv": [14, 0, 16, 2], "rotation": 180, "texture": "#2", "cullface": "down"}
			}
		},
		{
			"name": "d_4",
			"from": [2.85, -5.15, 8.85],
			"to": [6.15, 0.15, 12.15],
			"rotation": {"angle": 22.5, "axis": "y", "origin": [8, 8, 8]},
			"faces": {
				"north": {"uv": [11, 13, 14, 8], "texture": "#2", "cullface": "down"},
				"east": {"uv": [14, 13, 11, 8], "texture": "#2", "cullface": "down"},
				"south": {"uv": [14, 13, 11, 8], "texture": "#2", "cullface": "down"},
				"west": {"uv": [11, 13, 14, 8], "texture": "#2", "cullface": "down"},
				"down": {"uv": [11, 0, 14, 3], "rotation": 180, "texture": "#2", "cullface": "down"}
			}
		}
	],
	"groups": [
		{
			"name": "stone",
			"origin": [8, 8, 8],
			"color": 0,
			"children": [
				0,
				{
					"name": "ore",
					"origin": [8, 8, 8],
					"color": 0,
					"children": [1, 2, 3, 4, 5, 6, 7, 8, 9, 10, 11, 12, 13, 14, 15, 16, 17, 18, 19, 20, 21, 22, 23]
				}
			]
		}
	]
}